Contract,EndDate
IC1505.CFFEX,2015-05-15
IC1506.CFFEX,2015-06-19
IC1507.CFFEX,2015-07-17
IC1508.CFFEX,2015-08-21
IC1509.CFFEX,2015-09-18
IC1510.CFFEX,2015-10-16
IC1511.CFFEX,2015-11-20
IC1512.CFFEX,2015-12-18
IC1601.CFFEX,2016-01-15
IC1602.CFFEX,2016-02-19
IC1603.CFFEX,2016-03-18
IC1604.CFFEX,2016-04-15
IC1605.CFFEX,2016-05-20
IC1606.CFFEX,2016-06-17
IC1607.CFFEX,2016-07-15
IC1608.CFFEX,2016-08-19
IC1609.CFFEX,2016-09-19
IC1610.CFFEX,2016-10-21
IC1611.CFFEX,2016-11-18
IC1612.CFFEX,2016-12-16
IC1701.CFFEX,2017-01-20
IC1702.CFFEX,2017-02-17
IC1703.CFFEX,2017-03-17
IC1704.CFFEX,2017-04-21
IC1705.CFFEX,2017-05-19
IC1706.CFFEX,2017-06-16
IC1707.CFFEX,2017-07-21
IC1708.CFFEX,2017-08-18
IC1709.CFFEX,2017-09-15
IC1710.CFFEX,2017-10-20
IC1711.CFFEX,2017-11-17
IC1712.CFFEX,2017-12-15
IC1801.CFFEX,2018-01-19
IC1802.CFFEX,2018-02-22
IC1803.CFFEX,2018-03-16
IC1804.CFFEX,2018-04-20
IC1805.CFFEX,2018-05-18
IC1806.CFFEX,2018-06-15
IC1807.CFFEX,2018-07-20
IC1808.CFFEX,2018-08-17
IC1809.CFFEX,2018-09-21
IC1810.CFFEX,2018-10-19
IC1811.CFFEX,2018-11-16
IC1812.CFFEX,2018-12-21
IC1901.CFFEX,2019-01-18
IC1902.CFFEX,2019-02-15
IC1903.CFFEX,2019-03-15
IC1904.CFFEX,2019-04-19
IC1905.CFFEX,2019-05-17
IC1906.CFFEX,2019-06-21
IC1907.CFFEX,2019-07-19
IC1908.CFFEX,2019-08-16
IC1909.CFFEX,2019-09-20
IC1910.CFFEX,2019-10-18
IC1911.CFFEX,2019-11-15
IC1912.CFFEX,2019-12-20
IC2001.CFFEX,2020-01-17
IC2002.CFFEX,2020-02-21
IC2003.CFFEX,2020-03-20
IC2004.CFFEX,2020-04-17
IC2005.CFFEX,2020-05-15
IC2006.CFFEX,2020-06-19
IC2007.CFFEX,2020-07-17
IC2008.CFFEX,2020-08-21
IC2009.CFFEX,2020-09-18
IC2012.CFFEX,2020-12-18
